,occurrences.order_name,occurrences.family_name,occurrences.parent_name,occurrences.genus_name,taxon,reg,,39,Artiodactyla,Achaenodontidae,Achaenodontidae,Parahyus,Parahyus vagus,ruminantia,,40,Artiodactyla,Agriochoeridae,Agriochoeridae,Agriochoerus,Agriochoerus antiquus,ruminantia,,41,Artiodactyla,Agriochoeridae,Agriochoeridae,Agriochoerus,Agriochoerus crassus,ruminantia,,42,Artiodactyla,Agriochoeridae,Agriochoeridae,Agriochoerus,Agriochoerus gaudryi,ruminantia,,43,Artiodactyla,Agriochoeridae,Agriochoeridae,Agriochoerus,Agriochoerus guyotianus,ruminantia,,44,Artiodactyla,Agriochoeridae,Agriochoeridae,Agriochoerus,Agriochoerus maximus,ruminantia,,45,Artiodactyla,Agriochoeridae,Agriochoeridae,Diplobunops,Diplobunops matthewi,ruminantia,,46,Artiodactyla,Agriochoeridae,Agriochoeridae,Protoreodon,Protoreodon minimus,ruminantia,,47,Artiodactyla,Agriochoeridae,Agriochoeridae,Protoreodon,Protoreodon minor,ruminantia,,48,Artiodactyla,Agriochoeridae,Agriochoeridae,Protoreodon,Protoreodon pacificus,ruminantia,,49,Artiodactyla,Agriochoeridae,Agriochoeridae,Protoreodon,Protoreodon parvus,ruminantia,,50,Artiodactyla,Agriochoeridae,Agriochoeridae,Protoreodon,Protoreodon pearcei,ruminantia,,51,Artiodactyla,Agriochoeridae,Agriochoeridae,Protoreodon,Protoreodon petersoni,ruminantia,,52,Artiodactyla,Agriochoeridae,Agriochoeridae,Protoreodon,Protoreodon pumilus,ruminantia,,53,Artiodactyla,Agriochoeridae,Agriochoeridae,Protoreodon,Protoreodon transmontanus,ruminantia,,54,Artiodactyla,Agriochoeridae,Agriochoeridae,Protoreodon,Protoreodon walshi,ruminantia,,55,Artiodactyla,Anthracotheriidae,Anthracotheriidae,Aepinacodon,Aepinacodon americanus,ungulate,,56,Artiodactyla,Anthracotheriidae,Anthracotheriidae,Aepinacodon,Aepinacodon deflectus,ungulate,,57,Artiodactyla,Anthracotheriidae,Anthracotheriidae,Arretotherium,Arretotherium acridens,ungulate,,58,Artiodactyla,Anthracotheriidae,Anthracotheriidae,Arretotherium,Arretotherium fricki,ungulate,,59,Artiodactyla,Anthracotheriidae,Anthracotheriidae,Arretotherium,Arretotherium leptodus,ungulate,,60,Artiodactyla,Anthracotheriidae,Anthracotheriidae,Bothriodon,Bothriodon advena,ungulate,,61,Artiodactyla,Anthracotheriidae,Anthracotheriidae,Bothriodon,Bothriodon rostratus,ungulate,,64,Artiodactyla,Anthracotheriidae,Anthracotheriidae,Heptacodon,Heptacodon curtus,ungulate,,65,Artiodactyla,Anthracotheriidae,Anthracotheriidae,Heptacodon,Heptacodon gibbiceps,ungulate,,66,Artiodactyla,Anthracotheriidae,Anthracotheriidae,Heptacodon,Heptacodon occidentale,ungulate,,67,Artiodactyla,Anthracotheriidae,Anthracotheriidae,Heptacodon,Heptacodon pellionis,ungulate,,68,Artiodactyla,Anthracotheriidae,Anthracotheriidae,Heptacodon,Heptacodon yeguaensis,ungulate,,69,Artiodactyla,Anthracotheriidae,Anthracotheriidae,Kukusepasutanka,Kukusepasutanka schultzi,ungulate,,62,Artiodactyla,Anthracotheriidae,Bothriodontinae,Elomeryx,Elomeryx armatus,ungulate,,63,Artiodactyla,Anthracotheriidae,Bothriodontinae,Elomeryx,Elomeryx garbanii,ungulate,,70,Artiodactyla,Antilocapridae,Antilocapridae,Antilocapra,Antilocapra americana,ruminantia,,77,Artiodactyla,Antilocapridae,Antilocapridae,Cosoryx,Cosoryx cerroensis,ruminantia,,78,Artiodactyla,Antilocapridae,Antilocapridae,Cosoryx,Cosoryx furcatus,ruminantia,,80,Artiodactyla,Antilocapridae,Antilocapridae,Hayoceros,Hayoceros falkenbachi,ruminantia,,81,Artiodactyla,Antilocapridae,Antilocapridae,Hexameryx,Hexameryx simpsoni,ruminantia,,83,Artiodactyla,Antilocapridae,Antilocapridae,Ilingoceros,Ilingoceros alexandrae,ruminantia,,84,Artiodactyla,Antilocapridae,Antilocapridae,Ilingoceros,Ilingoceros schizoceros,ruminantia,,85,Artiodactyla,Antilocapridae,Antilocapridae,Merriamoceros,Merriamoceros coronatus,ruminantia,,86,Artiodactyla,Antilocapridae,Antilocapridae,Merycodus,Merycodus crucensis,ruminantia,,87,Artiodactyla,Antilocapridae,Antilocapridae,Merycodus,Merycodus hookwayi,ruminantia,,88,Artiodactyla,Antilocapridae,Antilocapridae,Merycodus,Merycodus joraki,ruminantia,,89,Artiodactyla,Antilocapridae,Antilocapridae,Merycodus,Merycodus major,ruminantia,,90,Artiodactyla,Antilocapridae,Antilocapridae,Merycodus,Merycodus necatus,ruminantia,,91,Artiodactyla,Antilocapridae,Antilocapridae,Merycodus,Merycodus prodromus,ruminantia,,92,Artiodactyla,Antilocapridae,Antilocapridae,Merycodus,Merycodus sabulonis,ruminantia,,93,Artiodactyla,Antilocapridae,Antilocapridae,Merycodus,Merycodus warreni,ruminantia,,96,Artiodactyla,Antilocapridae,Antilocapridae,Paracosoryx,Paracosoryx alticornis,ruminantia,,97,Artiodactyla,Antilocapridae,Antilocapridae,Paracosoryx,Paracosoryx dawesensis,ruminantia,,98,Artiodactyla,Antilocapridae,Antilocapridae,Paracosoryx,Paracosoryx furlongi,ruminantia,,99,Artiodactyla,Antilocapridae,Antilocapridae,Paracosoryx,Paracosoryx loxocerus,ruminantia,,100,Artiodactyla,Antilocapridae,Antilocapridae,Paracosoryx,Paracosoryx nevadensis,ruminantia,,101,Artiodactyla,Antilocapridae,Antilocapridae,Paracosoryx,Paracosoryx wilsoni,ruminantia,,102,Artiodactyla,Antilocapridae,Antilocapridae,Plioceros,Plioceros blicki,ruminantia,,103,Artiodactyla,Antilocapridae,Antilocapridae,Plioceros,Plioceros dehlini,ruminantia,,104,Artiodactyla,Antilocapridae,Antilocapridae,Plioceros,Plioceros floblairi,ruminantia,,106,Artiodactyla,Antilocapridae,Antilocapridae,Ramoceros,Ramoceros brevicornis,ruminantia,,107,Artiodactyla,Antilocapridae,Antilocapridae,Ramoceros,Ramoceros marthae,ruminantia,,108,Artiodactyla,Antilocapridae,Antilocapridae,Ramoceros,Ramoceros osborni,ruminantia,,109,Artiodactyla,Antilocapridae,Antilocapridae,Ramoceros,Ramoceros ramosus,ruminantia,,115,Artiodactyla,Antilocapridae,Antilocapridae,Submeryceros,Submeryceros minimus,ruminantia,,116,Artiodactyla,Antilocapridae,Antilocapridae,Submeryceros,Submeryceros minor,ruminantia,,122,Artiodactyla,Antilocapridae,Antilocapridae,Texoceros,Texoceros altidens,ruminantia,,123,Artiodactyla,Antilocapridae,Antilocapridae,Texoceros,Texoceros edensis,ruminantia,,124,Artiodactyla,Antilocapridae,Antilocapridae,Texoceros,Texoceros guymonensis,ruminantia,,125,Artiodactyla,Antilocapridae,Antilocapridae,Texoceros,Texoceros minorei,ruminantia,,126,Artiodactyla,Antilocapridae,Antilocapridae,Texoceros,Texoceros vaughani,ruminantia,,71,Artiodactyla,Antilocapridae,Antilocaprinae,Capromeryx,Capromeryx arizonensis,ruminantia,,72,Artiodactyla,Antilocapridae,Antilocaprinae,Capromeryx,Capromeryx furcifer,ruminantia,,74,Artiodactyla,Antilocapridae,Antilocaprinae,Capromeryx,Capromeryx minor,ruminantia,,75,Artiodactyla,Antilocapridae,Antilocaprinae,Capromeryx,Capromeryx tauntonensis,ruminantia,,76,Artiodactyla,Antilocapridae,Antilocaprinae,Ceratomeryx,Ceratomeryx prenticei,ruminantia,,82,Artiodactyla,Antilocapridae,Antilocaprinae,Hexobelomeryx,Hexobelomeryx fricki,ruminantia,,94,Artiodactyla,Antilocapridae,Antilocaprinae,Osbornoceros,Osbornoceros osborni,ruminantia,,95,Artiodactyla,Antilocapridae,Antilocaprinae,Ottoceros,Ottoceros peacevalleyensis,ruminantia,,105,Artiodactyla,Antilocapridae,Antilocaprinae,Proantilocapra,Proantilocapra platycornea,ruminantia,,110,Artiodactyla,Antilocapridae,Antilocaprinae,Sphenophalos,Sphenophalos garciae,ruminantia,,111,Artiodactyla,Antilocapridae,Antilocaprinae,Sphenophalos,Sphenophalos middleswarti,ruminantia,,112,Artiodactyla,Antilocapridae,Antilocaprinae,Sphenophalos,Sphenophalos nevadanus,ruminantia,,132,Artiodactyla,Bovidae,Bovidae,Bootherium,Bootherium bombifrons,ruminantia,,135,Artiodactyla,Bovidae,Bovidae,Neotragocerus,Neotragocerus improvisus,ruminantia,,136,Artiodactyla,Bovidae,Bovidae,Neotragocerus,Neotragocerus lindgreni,ruminantia,,127,Artiodactyla,Bovidae,Bovinae,Bison,Bison alaskensis,ruminantia,,143,Artiodactyla,Bovidae,Caprini,Sinocapra,Sinocapra willdownsi,ruminantia,,145,Artiodactyla,Camelidae,Camelidae,Aepycamelus,Aepycamelus alexandrae,ruminantia,,146,Artiodactyla,Camelidae,Camelidae,Aepycamelus,Aepycamelus bradyi,ruminantia,,147,Artiodactyla,Camelidae,Camelidae,Aepycamelus,Aepycamelus giraffinus,ruminantia,,148,Artiodactyla,Camelidae,Camelidae,Aepycamelus,Aepycamelus major,ruminantia,,149,Artiodactyla,Camelidae,Camelidae,Aepycamelus,Aepycamelus procerus,ruminantia,,150,Artiodactyla,Camelidae,Camelidae,Aepycamelus,Aepycamelus robustus,ruminantia,,151,Artiodactyla,Camelidae,Camelidae,Aepycamelus,Aepycamelus stocki,ruminantia,,152,Artiodactyla,Camelidae,Camelidae,Aguascalientia,Aguascalientia wilsoni,ruminantia,,153,Artiodactyla,Camelidae,Camelidae,Alforjas,Alforjas taylori,ruminantia,,154,Artiodactyla,Camelidae,Camelidae,Australocamelus,Australocamelus orarius,ruminantia,,155,Artiodactyla,Camelidae,Camelidae,Blancocamelus,Blancocamelus meadei,ruminantia,,157,Artiodactyla,Camelidae,Camelidae,Camelops,Camelops hesternus,ruminantia,,158,Artiodactyla,Camelidae,Camelidae,Camelops,Camelops huerfanensis,ruminantia,,160,Artiodactyla,Camelidae,Camelidae,Camelops,Camelops sulcatus,ruminantia,,161,Artiodactyla,Camelidae,Camelidae,Camelops,Camelops traviswhitei,ruminantia,,163,Artiodactyla,Camelidae,Camelidae,Cuyamacamelus,Cuyamacamelus jamesi,ruminantia,,164,Artiodactyla,Camelidae,Camelidae,Floridatragulus,Floridatragulus dolichanthereus,ruminantia,,165,Artiodactyla,Camelidae,Camelidae,Floridatragulus,Floridatragulus hesperus,ruminantia,,166,Artiodactyla,Camelidae,Camelidae,Floridatragulus,Floridatragulus nanus,ruminantia,,167,Artiodactyla,Camelidae,Camelidae,Floridatragulus,Floridatragulus texanus,ruminantia,,169,Artiodactyla,Camelidae,Camelidae,Gigantocamelus,Gigantocamelus spatulus,ruminantia,,174,Artiodactyla,Camelidae,Camelidae,Hesperocamelus,Hesperocamelus stylodon,ruminantia,,175,Artiodactyla,Camelidae,Camelidae,Megacamelus,Megacamelus merriami,ruminantia,,176,Artiodactyla,Camelidae,Camelidae,Megatylopus,Megatylopus cochrani,ruminantia,,177,Artiodactyla,Camelidae,Camelidae,Megatylopus,Megatylopus gigas,ruminantia,,178,Artiodactyla,Camelidae,Camelidae,Megatylopus,Megatylopus matthewi,ruminantia,,179,Artiodactyla,Camelidae,Camelidae,Megatylopus,Megatylopus primaevus,ruminantia,,180,Artiodactyla,Camelidae,Camelidae,Michenia,Michenia agatensis,ruminantia,,181,Artiodactyla,Camelidae,Camelidae,Michenia,Michenia exilis,ruminantia,,182,Artiodactyla,Camelidae,Camelidae,Michenia,Michenia yavapaiensis,ruminantia,,191,Artiodactyla,Camelidae,Camelidae,Nothokemas,Nothokemas floridanus,ruminantia,,192,Artiodactyla,Camelidae,Camelidae,Nothokemas,Nothokemas hidalgensis,ruminantia,,193,Artiodactyla,Camelidae,Camelidae,Nothokemas,Nothokemas waldropi,ruminantia,,195,Artiodactyla,Camelidae,Camelidae,Oxydactylus,Oxydactylus benedentatus,ruminantia,,196,Artiodactyla,Camelidae,Camelidae,Oxydactylus,Oxydactylus lacota,ruminantia,,197,Artiodactyla,Camelidae,Camelidae,Oxydactylus,Oxydactylus longipes,ruminantia,,198,Artiodactyla,Camelidae,Camelidae,Oxydactylus,Oxydactylus longirostris,ruminantia,,199,Artiodactyla,Camelidae,Camelidae,Oxydactylus,Oxydactylus lulli,ruminantia,,200,Artiodactyla,Camelidae,Camelidae,Oxydactylus,Oxydactylus wyomingensis,ruminantia,,202,Artiodactyla,Camelidae,Camelidae,Paralabis,Paralabis cedrensis,ruminantia,,206,Artiodactyla,Camelidae,Camelidae,Paratylopus,Paratylopus labiatus,ruminantia,,207,Artiodactyla,Camelidae,Camelidae,Paratylopus,Paratylopus primaevus,ruminantia,,208,Artiodactyla,Camelidae,Camelidae,Pliauchenia,Pliauchenia magnifontis,ruminantia,,209,Artiodactyla,Camelidae,Camelidae,Poebrodon,Poebrodon californicus,ruminantia,,210,Artiodactyla,Camelidae,Camelidae,Poebrodon,Poebrodon kayi,ruminantia,,211,Artiodactyla,Camelidae,Camelidae,Priscocamelus,Priscocamelus wilsoni,ruminantia,,212,Artiodactyla,Camelidae,Camelidae,Procamelus,Procamelus grandis,ruminantia,,213,Artiodactyla,Camelidae,Camelidae,Procamelus,Procamelus leptocolon,ruminantia,,214,Artiodactyla,Camelidae,Camelidae,Procamelus,Procamelus occidentalis,ruminantia,,215,Artiodactyla,Camelidae,Camelidae,Protolabis,Protolabis barstowensis,ruminantia,,216,Artiodactyla,Camelidae,Camelidae,Protolabis,Protolabis coartatus,ruminantia,,217,Artiodactyla,Camelidae,Camelidae,Protolabis,Protolabis gracilis,ruminantia,,218,Artiodactyla,Camelidae,Camelidae,Protolabis,Protolabis heterodontus,ruminantia,,219,Artiodactyla,Camelidae,Camelidae,Protolabis,Protolabis saxeus,ruminantia,,226,Artiodactyla,Camelidae,Camelidae,Tanymykter,Tanymykter brachyodontus,ruminantia,,227,Artiodactyla,Camelidae,Camelidae,Titanotylopus,Titanotylopus nebraskensis,ruminantia,,170,Artiodactyla,Camelidae,Lamini,Hemiauchenia,Hemiauchenia gracilis,ruminantia,,171,Artiodactyla,Camelidae,Lamini,Hemiauchenia,Hemiauchenia macrocephala,ruminantia,,172,Artiodactyla,Camelidae,Lamini,Hemiauchenia,Hemiauchenia minima,ruminantia,,173,Artiodactyla,Camelidae,Lamini,Hemiauchenia,Hemiauchenia vera,ruminantia,,162,Artiodactyla,Camelidae,Miolabinae,Capricamelus,Capricamelus gettyi,ruminantia,,183,Artiodactyla,Camelidae,Miolabinae,Miolabis,Miolabis californicus,ruminantia,,184,Artiodactyla,Camelidae,Miolabinae,Miolabis,Miolabis fissidens,ruminantia,,185,Artiodactyla,Camelidae,Miolabinae,Miolabis,Miolabis fricki,ruminantia,,186,Artiodactyla,Camelidae,Miolabinae,Miolabis,Miolabis longiceps,ruminantia,,194,Artiodactyla,Camelidae,Miolabinae,Nothotylopus,Nothotylopus camptognathus,ruminantia,,203,Artiodactyla,Camelidae,Miolabinae,Paramiolabis,Paramiolabis singularis,ruminantia,,204,Artiodactyla,Camelidae,Miolabinae,Paramiolabis,Paramiolabis taylori,ruminantia,,205,Artiodactyla,Camelidae,Miolabinae,Paramiolabis,Paramiolabis tenuis,ruminantia,,188,Artiodactyla,Camelidae,Stenomylinae,Miotylopus,Miotylopus gibbi,ruminantia,,189,Artiodactyla,Camelidae,Stenomylinae,Miotylopus,Miotylopus leonardi,ruminantia,,190,Artiodactyla,Camelidae,Stenomylinae,Miotylopus,Miotylopus taylori,ruminantia,,220,Artiodactyla,Camelidae,Stenomylinae,Pseudolabis,Pseudolabis dakotensis,ruminantia,,156,Artiodactyla,Camelidae,Stenomylini,Blickomylus,Blickomylus galushai,ruminantia,,221,Artiodactyla,Camelidae,Stenomylini,Rakomylus,Rakomylus raki,ruminantia,,222,Artiodactyla,Camelidae,Stenomylini,Stenomylus,Stenomylus gracilis,ruminantia,,223,Artiodactyla,Camelidae,Stenomylini,Stenomylus,Stenomylus hitchcocki,ruminantia,,224,Artiodactyla,Camelidae,Stenomylini,Stenomylus,Stenomylus keelinensis,ruminantia,,225,Artiodactyla,Camelidae,Stenomylini,Stenomylus,Stenomylus taylori,ruminantia,,228,Artiodactyla,Camelidae,Stenomylini,Wyomylus,Wyomylus whitei,ruminantia,,168,Artiodactyla,Camelidae,,Gentilicamelus,Gentilicamelus sternbergi,ruminantia,,230,Artiodactyla,Cervidae,Cervidae,Bretzia,Bretzia pseudalces,ruminantia,,245,Artiodactyla,Dichobunidae,Bunomerycini,Bunomeryx,Bunomeryx montanus,ungulate,,259,Artiodactyla,Dichobunidae,Bunomerycini,Mytonomeryx,Mytonomeryx scotti,ungulate,,261,Artiodactyla,Dichobunidae,Bunomerycini,Pentacemylus,Pentacemylus leotensis,ungulate,,262,Artiodactyla,Dichobunidae,Bunomerycini,Pentacemylus,Pentacemylus progressus,ungulate,,246,Artiodactyla,Dichobunidae,Diacodexeinae,Bunophorus,Bunophorus etsagicus,ungulate,,247,Artiodactyla,Dichobunidae,Diacodexeinae,Bunophorus,Bunophorus grangeri,ungulate,,249,Artiodactyla,Dichobunidae,Diacodexeinae,Bunophorus,Bunophorus macropternus,ungulate,,250,Artiodactyla,Dichobunidae,Diacodexeinae,Bunophorus,Bunophorus pattersoni,ungulate,,251,Artiodactyla,Dichobunidae,Diacodexeinae,Bunophorus,Bunophorus robustus,ungulate,,252,Artiodactyla,Dichobunidae,Diacodexeinae,Bunophorus,Bunophorus sinclairi,ungulate,,260,Artiodactyla,Dichobunidae,Diacodexeinae,Neodiacodexis,Neodiacodexis emryi,ungulate,,263,Artiodactyla,Dichobunidae,Diacodexeinae,Tapochoerus,Tapochoerus egressus,ungulate,,264,Artiodactyla,Dichobunidae,Diacodexeinae,Tapochoerus,Tapochoerus mcmillini,ungulate,,255,Artiodactyla,Dichobunidae,Homacodontinae,Hylomeryx,Hylomeryx annectens,ungulate,,256,Artiodactyla,Dichobunidae,Homacodontinae,Hylomeryx,Hylomeryx quadricuspis,ungulate,,257,Artiodactyla,Dichobunidae,Homacodontinae,Mesomeryx,Mesomeryx grangeri,ungulate,,243,Artiodactyla,Dichobunidae,Homacodontini,Auxontodon,Auxontodon pattersoni,ungulate,,244,Artiodactyla,Dichobunidae,Homacodontini,Auxontodon,Auxontodon processus,ungulate,,254,Artiodactyla,Dichobunidae,Homacodontini,Homacodon,Homacodon vagans,ungulate,,258,Artiodactyla,Dichobunidae,Homacodontini,Microsus,Microsus cuspidatus,ungulate,,265,Artiodactyla,Dichobunidae,Homacodontini,Texodon,Texodon meridianus,ungulate,,266,Artiodactyla,Entelodontidae,Entelodontidae,Boochoerus,Boochoerus angustus,ungulate,,267,Artiodactyla,Entelodontidae,Entelodontidae,Choerodon,Choerodon caninus,ungulate,,268,Artiodactyla,Entelodontidae,Entelodontidae,Dinohyus,Dinohyus hollandi,ungulate,,269,Artiodactyla,Entelodontidae,Entelodontidae,Megachoerus,Megachoerus latidens,ungulate,,270,Artiodactyla,Entelodontidae,Entelodontidae,Megachoerus,Megachoerus zygomaticus,ungulate,,271,Artiodactyla,Gelocidae,Pseudoceratinae,Floridameryx,Floridameryx floridanus,ruminantia,,272,Artiodactyla,Gelocidae,Pseudoceratinae,Floridameryx,Floridameryx klausi,ruminantia,,273,Artiodactyla,Gelocidae,Pseudoceratinae,Pseudoceras,Pseudoceras skinneri,ruminantia,,274,Artiodactyla,Hypertragulidae,Hypertragulidae,Hypertragulus,Hypertragulus calcaratus,ruminantia,,275,Artiodactyla,Hypertragulidae,Hypertragulidae,Hypertragulus,Hypertragulus chadronensis,ruminantia,,276,Artiodactyla,Hypertragulidae,Hypertragulidae,Hypertragulus,Hypertragulus crawfordensis,ruminantia,,277,Artiodactyla,Hypertragulidae,Hypertragulidae,Hypertragulus,Hypertragulus heikeni,ruminantia,,278,Artiodactyla,Hypertragulidae,Hypertragulidae,Hypertragulus,Hypertragulus hesperius,ruminantia,,279,Artiodactyla,Hypertragulidae,Hypertragulidae,Hypertragulus,Hypertragulus quadratus,ruminantia,,280,Artiodactyla,Hypertragulidae,Hypertragulidae,Hypertragulus,Hypertragulus sequens,ruminantia,,281,Artiodactyla,Hypertragulidae,Hypertragulidae,Hypisodus,Hypisodus alacer,ruminantia,,282,Artiodactyla,Hypertragulidae,Hypertragulidae,Hypisodus,Hypisodus ironsi,ruminantia,,283,Artiodactyla,Hypertragulidae,Hypertragulidae,Hypisodus,Hypisodus minimus,ruminantia,,284,Artiodactyla,Hypertragulidae,Hypertragulidae,Hypisodus,Hypisodus paululus,ruminantia,,285,Artiodactyla,Hypertragulidae,Hypertragulidae,Hypisodus,Hypisodus retallacki,ruminantia,,286,Artiodactyla,Hypertragulidae,Hypertragulidae,Leptomeryx,Leptomeryx antecedens,ruminantia,,287,Artiodactyla,Hypertragulidae,Hypertragulidae,Leptomeryx,Leptomeryx blacki,ruminantia,,288,Artiodactyla,Hypertragulidae,Hypertragulidae,Leptomeryx,Leptomeryx elissae,ruminantia,,289,Artiodactyla,Hypertragulidae,Hypertragulidae,Leptomeryx,Leptomeryx evansi,ruminantia,,290,Artiodactyla,Hypertragulidae,Hypertragulidae,Leptomeryx,Leptomeryx mammifer,ruminantia,,291,Artiodactyla,Hypertragulidae,Hypertragulidae,Leptomeryx,Leptomeryx obliquidens,ruminantia,,292,Artiodactyla,Hypertragulidae,Hypertragulidae,Leptomeryx,Leptomeryx speciosus,ruminantia,,293,Artiodactyla,Hypertragulidae,Hypertragulidae,Leptomeryx,Leptomeryx yoderi,ruminantia,,294,Artiodactyla,Hypertragulidae,Hypertragulidae,Nanotragulus,Nanotragulus loomisi,ruminantia,,295,Artiodactyla,Hypertragulidae,Hypertragulidae,Nanotragulus,Nanotragulus ordinatus,ruminantia,,296,Artiodactyla,Hypertragulidae,Hypertragulidae,Nanotragulus,Nanotragulus planiceps,ruminantia,,297,Artiodactyla,Hypertragulidae,Hypertragulidae,Parvitragulus,Parvitragulus priscus,ruminantia,,298,Artiodactyla,Hypertragulidae,Hypertragulidae,Simimeryx,Simimeryx hudsoni,ruminantia,,299,Artiodactyla,Hypertragulidae,Hypertragulidae,Simimeryx,Simimeryx minutus,ruminantia,,300,Artiodactyla,Leptochoeridae,Leptochoeridae,Leptochoerus,Leptochoerus elegans,ungulate,,301,Artiodactyla,Leptochoeridae,Leptochoeridae,Leptochoerus,Leptochoerus emilyae,ungulate,,302,Artiodactyla,Leptochoeridae,Leptochoeridae,Leptochoerus,Leptochoerus spectabilis,ungulate,,303,Artiodactyla,Leptochoeridae,Leptochoeridae,Leptochoerus,Leptochoerus supremus,ungulate,,304,Artiodactyla,Leptomerycidae,Leptomerycidae,Hendryomeryx,Hendryomeryx defordi,ruminantia,,305,Artiodactyla,Leptomerycidae,Leptomerycidae,Hendryomeryx,Hendryomeryx esulcatus,ruminantia,,306,Artiodactyla,Leptomerycidae,Leptomerycidae,Hendryomeryx,Hendryomeryx wilsoni,ruminantia,,307,Artiodactyla,Leptomerycidae,Leptomerycidae,Pronodens,Pronodens silberlingi,ruminantia,,308,Artiodactyla,Leptomerycidae,Leptomerycidae,Pronodens,Pronodens transmontanus,ruminantia,,309,Artiodactyla,Leptomerycidae,Leptomerycidae,Pseudoparablastomeryx,Pseudoparablastomeryx francescita,ruminantia,,310,Artiodactyla,Leptomerycidae,Leptomerycidae,Pseudoparablastomeryx,Pseudoparablastomeryx scotti,ruminantia,,332,Artiodactyla,Merycoidodontidae,Merychyinae,Merychyus,Merychyus arenarum,ruminantia,,333,Artiodactyla,Merycoidodontidae,Merychyinae,Merychyus,Merychyus crabilli,ruminantia,,334,Artiodactyla,Merycoidodontidae,Merychyinae,Merychyus,Merychyus elegans,ruminantia,,335,Artiodactyla,Merycoidodontidae,Merychyinae,Merychyus,Merychyus major,ruminantia,,336,Artiodactyla,Merycoidodontidae,Merychyinae,Merychyus,Merychyus medius,ruminantia,,337,Artiodactyla,Merycoidodontidae,Merychyinae,Merychyus,Merychyus minimus,ruminantia,,338,Artiodactyla,Merycoidodontidae,Merychyinae,Merychyus,Merychyus novomexicanus,ruminantia,,339,Artiodactyla,Merycoidodontidae,Merychyinae,Merychyus,Merychyus relictus,ruminantia,,340,Artiodactyla,Merycoidodontidae,Merychyinae,Merychyus,Merychyus smithi,ruminantia,,311,Artiodactyla,Merycoidodontidae,Merycoidodontidae,Aclistomycter,Aclistomycter middletoni,ruminantia,,312,Artiodactyla,Merycoidodontidae,Merycoidodontidae,Bathygenys,Bathygenys alpha,ruminantia,,313,Artiodactyla,Merycoidodontidae,Merycoidodontidae,Bathygenys,Bathygenys hedlundae,ruminantia,,314,Artiodactyla,Merycoidodontidae,Merycoidodontidae,Bathygenys,Bathygenys reevesi,ruminantia,,315,Artiodactyla,Merycoidodontidae,Merycoidodontidae,Brachycrus,Brachycrus buwaldi,ruminantia,,316,Artiodactyla,Merycoidodontidae,Merycoidodontidae,Brachycrus,Brachycrus laticeps,ruminantia,,317,Artiodactyla,Merycoidodontidae,Merycoidodontidae,Brachycrus,Brachycrus rusticus,ruminantia,,318,Artiodactyla,Merycoidodontidae,Merycoidodontidae,Brachycrus,Brachycrus siouense,ruminantia,,319,Artiodactyla,Merycoidodontidae,Merycoidodontidae,Brachycrus,Brachycrus sweetwaterensis,ruminantia,,320,Artiodactyla,Merycoidodontidae,Merycoidodontidae,Brachycrus,Brachycrus vaughani,ruminantia,,321,Artiodactyla,Merycoidodontidae,Merycoidodontidae,Desmatochoerus,Desmatochoerus hesperus,ruminantia,,322,Artiodactyla,Merycoidodontidae,Merycoidodontidae,Desmatochoerus,Desmatochoerus megalodon,ruminantia,,323,Artiodactyla,Merycoidodontidae,Merycoidodontidae,Eporeodon,Eporeodon occidentalis,ruminantia,,324,Artiodactyla,Merycoidodontidae,Merycoidodontidae,Hypsiops,Hypsiops bannackensis,ruminantia,,326,Artiodactyla,Merycoidodontidae,Merycoidodontidae,Hypsiops,Hypsiops breviceps,ruminantia,,327,Artiodactyla,Merycoidodontidae,Merycoidodontidae,Leptauchenia,Leptauchenia decora,ruminantia,,328,Artiodactyla,Merycoidodontidae,Merycoidodontidae,Leptauchenia,Leptauchenia major,ruminantia,,329,Artiodactyla,Merycoidodontidae,Merycoidodontidae,Limnenetes,Limnenetes platyceps,ruminantia,,330,Artiodactyla,Merycoidodontidae,Merycoidodontidae,Mediochoerus,Mediochoerus blicki,ruminantia,,331,Artiodactyla,Merycoidodontidae,Merycoidodontidae,Mediochoerus,Mediochoerus mohavensis,ruminantia,,341,Artiodactyla,Merycoidodontidae,Merycoidodontidae,Merycochoerus,Merycochoerus carrikeri,ruminantia,,342,Artiodactyla,Merycoidodontidae,Merycoidodontidae,Merycochoerus,Merycochoerus chelydra,ruminantia,,343,Artiodactyla,Merycoidodontidae,Merycoidodontidae,Merycochoerus,Merycochoerus compressidens,ruminantia,,344,Artiodactyla,Merycoidodontidae,Merycoidodontidae,Merycochoerus,Merycochoerus elrodi,ruminantia,,345,Artiodactyla,Merycoidodontidae,Merycoidodontidae,Merycochoerus,Merycochoerus madisonius,ruminantia,,346,Artiodactyla,Merycoidodontidae,Merycoidodontidae,Merycochoerus,Merycochoerus magnus,ruminantia,,347,Artiodactyla,Merycoidodontidae,Merycoidodontidae,Merycochoerus,Merycochoerus matthewi,ruminantia,,348,Artiodactyla,Merycoidodontidae,Merycoidodontidae,Merycochoerus,Merycochoerus proprius,ruminantia,,349,Artiodactyla,Merycoidodontidae,Merycoidodontidae,Merycochoerus,Merycochoerus superbus,ruminantia,,350,Artiodactyla,Merycoidodontidae,Merycoidodontidae,Merycochoerus,Merycochoerus vantasselensis,ruminantia,,351,Artiodactyla,Merycoidodontidae,Merycoidodontidae,Merycoides,Merycoides harrisonensis,ruminantia,,352,Artiodactyla,Merycoidodontidae,Merycoidodontidae,Merycoides,Merycoides longiceps,ruminantia,,353,Artiodactyla,Merycoidodontidae,Merycoidodontidae,Merycoides,Merycoides pariogonus,ruminantia,,354,Artiodactyla,Merycoidodontidae,Merycoidodontidae,Merycoides,Merycoides relictus,ruminantia,,355,Artiodactyla,Merycoidodontidae,Merycoidodontidae,Merycoidodon,Merycoidodon bullatus,ruminantia,,356,Artiodactyla,Merycoidodontidae,Merycoidodontidae,Merycoidodon,Merycoidodon culbertsoni,ruminantia,,357,Artiodactyla,Merycoidodontidae,Merycoidodontidae,Merycoidodon,Merycoidodon dunagani,ruminantia,,358,Artiodactyla,Merycoidodontidae,Merycoidodontidae,Merycoidodon,Merycoidodon major,ruminantia,,359,Artiodactyla,Merycoidodontidae,Merycoidodontidae,Merycoidodon,Merycoidodon presidioensis,ruminantia,,360,Artiodactyla,Merycoidodontidae,Merycoidodontidae,Mesoreodon,Mesoreodon chelonyx,ruminantia,,361,Artiodactyla,Merycoidodontidae,Merycoidodontidae,Mesoreodon,Mesoreodon floridensis,ruminantia,,362,Artiodactyla,Merycoidodontidae,Merycoidodontidae,Mesoreodon,Mesoreodon minor,ruminantia,,363,Artiodactyla,Merycoidodontidae,Merycoidodontidae,Miniochoerus,Miniochoerus affinis,ruminantia,,364,Artiodactyla,Merycoidodontidae,Merycoidodontidae,Miniochoerus,Miniochoerus chadronensis,ruminantia,,365,Artiodactyla,Merycoidodontidae,Merycoidodontidae,Miniochoerus,Miniochoerus forsythae,ruminantia,,366,Artiodactyla,Merycoidodontidae,Merycoidodontidae,Miniochoerus,Miniochoerus gracilis,ruminantia,,367,Artiodactyla,Merycoidodontidae,Merycoidodontidae,Miniochoerus,Miniochoerus starkensis,ruminantia,,368,Artiodactyla,Merycoidodontidae,Merycoidodontidae,Oreodontoides,Oreodontoides oregonensis,ruminantia,,369,Artiodactyla,Merycoidodontidae,Merycoidodontidae,Oreonetes,Oreonetes anceps,ruminantia,,370,Artiodactyla,Merycoidodontidae,Merycoidodontidae,Paroreodon,Paroreodon parvus,ruminantia,,371,Artiodactyla,Merycoidodontidae,Merycoidodontidae,Phenacocoelus,Phenacocoelus typus,ruminantia,,373,Artiodactyla,Merycoidodontidae,Merycoidodontidae,Sespia,Sespia californica,ruminantia,,374,Artiodactyla,Merycoidodontidae,Merycoidodontidae,Sespia,Sespia nitida,ruminantia,,375,Artiodactyla,Merycoidodontidae,Merycoidodontidae,Ticholeptus,Ticholeptus zygomaticus,ruminantia,,376,Artiodactyla,Moschidae,Blastomerycinae,Blastomeryx,Blastomeryx cursor,ruminantia,,377,Artiodactyla,Moschidae,Blastomerycinae,Blastomeryx,Blastomeryx gemmifer,ruminantia,,378,Artiodactyla,Moschidae,Blastomerycinae,Blastomeryx,Blastomeryx pristinus,ruminantia,,379,Artiodactyla,Moschidae,Blastomerycinae,Longirostromeryx,Longirostromeryx clarendonensis,ruminantia,,380,Artiodactyla,Moschidae,Blastomerycinae,Longirostromeryx,Longirostromeryx novomexicanus,ruminantia,,381,Artiodactyla,Moschidae,Blastomerycinae,Longirostromeryx,Longirostromeryx wellsi,ruminantia,,382,Artiodactyla,Moschidae,Blastomerycinae,Machaeromeryx,Machaeromeryx gilchristensis,ruminantia,,383,Artiodactyla,Moschidae,Blastomerycinae,Machaeromeryx,Machaeromeryx tragulus,ruminantia,,384,Artiodactyla,Moschidae,Blastomerycinae,Parablastomeryx,Parablastomeryx floridanus,ruminantia,,385,Artiodactyla,Moschidae,Blastomerycinae,Parablastomeryx,Parablastomeryx galushi,ruminantia,,386,Artiodactyla,Moschidae,Blastomerycinae,Parablastomeryx,Parablastomeryx gregorii,ruminantia,,387,Artiodactyla,Moschidae,Blastomerycinae,Problastomeryx,Problastomeryx primus,ruminantia,,388,Artiodactyla,Moschidae,Blastomerycinae,Pseudoblastomeryx,Pseudoblastomeryx advena,ruminantia,,389,Artiodactyla,Oromerycidae,Oromerycidae,Eotylopus,Eotylopus reedi,ruminantia,,390,Artiodactyla,Oromerycidae,Oromerycidae,Malaquiferus,Malaquiferus tourteloti,ruminantia,,391,Artiodactyla,Oromerycidae,Oromerycidae,Merycobunodon,Merycobunodon littoralis,ruminantia,,392,Artiodactyla,Oromerycidae,Oromerycidae,Montanatylopus,Montanatylopus matthewi,ruminantia,,393,Artiodactyla,Oromerycidae,Oromerycidae,Oromeryx,Oromeryx plicatus,ruminantia,,394,Artiodactyla,Oromerycidae,Oromerycidae,Protylopus,Protylopus annectens,ruminantia,,395,Artiodactyla,Oromerycidae,Oromerycidae,Protylopus,Protylopus pearsonensis,ruminantia,,396,Artiodactyla,Oromerycidae,Oromerycidae,Protylopus,Protylopus petersoni,ruminantia,,397,Artiodactyla,Oromerycidae,Oromerycidae,Protylopus,Protylopus robustus,ruminantia,,398,Artiodactyla,Oromerycidae,Oromerycidae,Protylopus,Protylopus stocki,ruminantia,,408,Artiodactyla,Palaeomerycidae,Aletomerycinae,Diabolocornis,Diabolocornis simonsi,ruminantia,,399,Artiodactyla,Palaeomerycidae,Aletomerycini,Aletomeryx,Aletomeryx gracilis,ruminantia,,400,Artiodactyla,Palaeomerycidae,Aletomerycini,Aletomeryx,Aletomeryx marslandensis,ruminantia,,401,Artiodactyla,Palaeomerycidae,Aletomerycini,Aletomeryx,Aletomeryx occidentalis,ruminantia,,415,Artiodactyla,Palaeomerycidae,Aletomerycini,Sinclairomeryx,Sinclairomeryx riparius,ruminantia,,402,Artiodactyla,Palaeomerycidae,Cranioceratini,Barbouromeryx,Barbouromeryx trigonocorneus,ruminantia,,403,Artiodactyla,Palaeomerycidae,Cranioceratini,Bouromeryx,Bouromeryx americanus,ruminantia,,404,Artiodactyla,Palaeomerycidae,Cranioceratini,Bouromeryx,Bouromeryx submilleri,ruminantia,,405,Artiodactyla,Palaeomerycidae,Cranioceratini,Cranioceras,Cranioceras clarendonensis,ruminantia,,406,Artiodactyla,Palaeomerycidae,Cranioceratini,Cranioceras,Cranioceras teres,ruminantia,,407,Artiodactyla,Palaeomerycidae,Cranioceratini,Cranioceras,Cranioceras unicornis,ruminantia,,411,Artiodactyla,Palaeomerycidae,Cranioceratini,Pediomeryx,Pediomeryx hemphillensis,ruminantia,,412,Artiodactyla,Palaeomerycidae,Cranioceratini,Procranioceras,Procranioceras skinneri,ruminantia,,417,Artiodactyla,Palaeomerycidae,Cranioceratini,Yumaceras,Yumaceras figginsi,ruminantia,,418,Artiodactyla,Palaeomerycidae,Cranioceratini,Yumaceras,Yumaceras hamiltoni,ruminantia,,419,Artiodactyla,Palaeomerycidae,Cranioceratini,Yumaceras,Yumaceras ruminalis,ruminantia,,409,Artiodactyla,Palaeomerycidae,Dromomerycini,Drepanomeryx,Drepanomeryx falciformis,ruminantia,,410,Artiodactyla,Palaeomerycidae,Dromomerycini,Dromomeryx,Dromomeryx borealis,ruminantia,,413,Artiodactyla,Palaeomerycidae,Dromomerycini,Rakomeryx,Rakomeryx raki,ruminantia,,414,Artiodactyla,Palaeomerycidae,Dromomerycini,Rakomeryx,Rakomeryx sinclairi,ruminantia,,416,Artiodactyla,Palaeomerycidae,Dromomerycini,Subdromomeryx,Subdromomeryx antilopinus,ruminantia,,421,Artiodactyla,Protoceratidae,Kyptoceratini,Kyptoceras,Kyptoceras amatorum,ruminantia,,451,Artiodactyla,Protoceratidae,Kyptoceratini,Syndyoceras,Syndyoceras cooki,ruminantia,,420,Artiodactyla,Protoceratidae,Protoceratidae,Heteromeryx,Heteromeryx dispar,ruminantia,,425,Artiodactyla,Protoceratidae,Protoceratidae,Leptoreodon,Leptoreodon edwardsi,ruminantia,,426,Artiodactyla,Protoceratidae,Protoceratidae,Leptoreodon,Leptoreodon leptolophus,ruminantia,,427,Artiodactyla,Protoceratidae,Protoceratidae,Leptoreodon,Leptoreodon major,ruminantia,,428,Artiodactyla,Protoceratidae,Protoceratidae,Leptoreodon,Leptoreodon marshi,ruminantia,,429,Artiodactyla,Protoceratidae,Protoceratidae,Leptoreodon,Leptoreodon pusillus,ruminantia,,430,Artiodactyla,Protoceratidae,Protoceratidae,Leptoreodon,Leptoreodon stocki,ruminantia,,431,Artiodactyla,Protoceratidae,Protoceratidae,Leptotragulus,Leptotragulus clarki,ruminantia,,432,Artiodactyla,Protoceratidae,Protoceratidae,Leptotragulus,Leptotragulus medius,ruminantia,,433,Artiodactyla,Protoceratidae,Protoceratidae,Leptotragulus,Leptotragulus proavus,ruminantia,,434,Artiodactyla,Protoceratidae,Protoceratidae,Leptotragulus,Leptotragulus ultimus,ruminantia,,438,Artiodactyla,Protoceratidae,Protoceratidae,Poabromylus,Poabromylus golzi,ruminantia,,439,Artiodactyla,Protoceratidae,Protoceratidae,Poabromylus,Poabromylus kayi,ruminantia,,440,Artiodactyla,Protoceratidae,Protoceratidae,Poabromylus,Poabromylus robustus,ruminantia,,447,Artiodactyla,Protoceratidae,Protoceratidae,Pseudoprotoceras,Pseudoprotoceras longinaris,ruminantia,,448,Artiodactyla,Protoceratidae,Protoceratidae,Pseudoprotoceras,Pseudoprotoceras minor,ruminantia,,449,Artiodactyla,Protoceratidae,Protoceratidae,Pseudoprotoceras,Pseudoprotoceras semicinctus,ruminantia,,450,Artiodactyla,Protoceratidae,Protoceratidae,Pseudoprotoceras,Pseudoprotoceras taylori,ruminantia,,455,Artiodactyla,Protoceratidae,Protoceratidae,Toromeryx,Toromeryx marginensis,ruminantia,,456,Artiodactyla,Protoceratidae,Protoceratidae,Trigenicus,Trigenicus profectus,ruminantia,,435,Artiodactyla,Protoceratidae,Protoceratinae,Paratoceras,Paratoceras macadamsi,ruminantia,,436,Artiodactyla,Protoceratidae,Protoceratinae,Paratoceras,Paratoceras tedfordi,ruminantia,,437,Artiodactyla,Protoceratidae,Protoceratinae,Paratoceras,Paratoceras wardi,ruminantia,,444,Artiodactyla,Protoceratidae,Protoceratinae,Protoceras,Protoceras celer,ruminantia,,445,Artiodactyla,Protoceratidae,Protoceratinae,Protoceras,Protoceras neatodelpha,ruminantia,,446,Artiodactyla,Protoceratidae,Protoceratinae,Protoceras,Protoceras skinneri,ruminantia,,422,Artiodactyla,Protoceratidae,Synthetoceratini,Lambdoceras,Lambdoceras hessei,ruminantia,,423,Artiodactyla,Protoceratidae,Synthetoceratini,Lambdoceras,Lambdoceras siouxensis,ruminantia,,424,Artiodactyla,Protoceratidae,Synthetoceratini,Lambdoceras,Lambdoceras trinitiensis,ruminantia,,441,Artiodactyla,Protoceratidae,Synthetoceratini,Prosynthetoceras,Prosynthetoceras francisi,ruminantia,,442,Artiodactyla,Protoceratidae,Synthetoceratini,Prosynthetoceras,Prosynthetoceras orthrionanus,ruminantia,,443,Artiodactyla,Protoceratidae,Synthetoceratini,Prosynthetoceras,Prosynthetoceras texanus,ruminantia,,454,Artiodactyla,Protoceratidae,Synthetoceratini,Synthetoceras,Synthetoceras tricornatus,ruminantia,,459,Artiodactyla,Tayassuidae,Tayassuidae,Cynorca,Cynorca occidentale,ungulate,,461,Artiodactyla,Tayassuidae,Tayassuidae,Cynorca,Cynorca sociale,ungulate,,463,Artiodactyla,Tayassuidae,Tayassuidae,Floridachoerus,Floridachoerus olseni,ungulate,,467,Artiodactyla,Tayassuidae,Tayassuidae,Macrogenis,Macrogenis crassigenis,ungulate,,478,Artiodactyla,Tayassuidae,Tayassuidae,Prosthennops,Prosthennops niobrarensis,ungulate,,479,Artiodactyla,Tayassuidae,Tayassuidae,Prosthennops,Prosthennops serus,ungulate,,481,Artiodactyla,Tayassuidae,Tayassuidae,Prosthennops,Prosthennops xiphodonticus,ungulate,,484,Artiodactyla,Tayassuidae,Tayassuidae,Thinohyus,Thinohyus lentus,ungulate,,485,Artiodactyla,Tayassuidae,Tayassuidae,Thinohyus,Thinohyus nanus,ungulate,,458,Artiodactyla,Tayassuidae,Tayassuinae,Catagonus,Catagonus brachydontus,ungulate,,462,Artiodactyla,Tayassuidae,Tayassuinae,Dyseohyus,Dyseohyus fricki,ungulate,,464,Artiodactyla,Tayassuidae,Tayassuinae,Hesperhys,Hesperhys antiquus,ungulate,,465,Artiodactyla,Tayassuidae,Tayassuinae,Hesperhys,Hesperhys pinensis,ungulate,,466,Artiodactyla,Tayassuidae,Tayassuinae,Hesperhys,Hesperhys vagrans,ungulate,,468,Artiodactyla,Tayassuidae,Tayassuinae,Mylohyus,Mylohyus elmorei,ungulate,,469,Artiodactyla,Tayassuidae,Tayassuinae,Mylohyus,Mylohyus floridanus,ungulate,,470,Artiodactyla,Tayassuidae,Tayassuinae,Mylohyus,Mylohyus fossilis,ungulate,,472,Artiodactyla,Tayassuidae,Tayassuinae,Platygonus,Platygonus bicalcaratus,ungulate,,473,Artiodactyla,Tayassuidae,Tayassuinae,Platygonus,Platygonus brachirostris,ungulate,,474,Artiodactyla,Tayassuidae,Tayassuinae,Platygonus,Platygonus compressus,ungulate,,475,Artiodactyla,Tayassuidae,Tayassuinae,Platygonus,Platygonus oregonensis,ungulate,,476,Artiodactyla,Tayassuidae,Tayassuinae,Platygonus,Platygonus pearcei,ungulate,,477,Artiodactyla,Tayassuidae,Tayassuinae,Platygonus,Platygonus vetus,ungulate,,482,Artiodactyla,Tayassuidae,Tayassuinae,Tayassu,Tayassu edensis,ungulate,,490,Artiodactyla,,Antiacodontinae,Antiacodon,Antiacodon pygmaeus,ungulate,,491,Artiodactyla,,Antiacodontinae,Antiacodon,Antiacodon vanvaleni,ungulate,,492,Artiodactyla,,Antiacodontinae,Antiacodon,Antiacodon venustus,ungulate,,506,Artiodactyla,,Artiodactyla,Delahomeryx,Delahomeryx browni,ungulate,,518,Artiodactyla,,Artiodactyla,Hexacodus,Hexacodus pelodes,ungulate,,519,Artiodactyla,,Artiodactyla,Hexacodus,Hexacodus uintensis,ungulate,,528,Artiodactyla,,Artiodactyla,Simpsonodus,Simpsonodus chacensis,ungulate,,493,Artiodactyla,,Artiodactylamorpha,Apriculus,Apriculus praeteritus,ungulate,,503,Artiodactyla,,Cervoidea,Boreameryx,Boreameryx braskerudi,ungulate,,507,Artiodactyla,,Cetaceamorpha,Diacodexis,Diacodexis gracilis,ungulate,,508,Artiodactyla,,Cetaceamorpha,Diacodexis,Diacodexis ilicis,ungulate,,509,Artiodactyla,,Cetaceamorpha,Diacodexis,Diacodexis kelleyi,ungulate,,510,Artiodactyla,,Cetaceamorpha,Diacodexis,Diacodexis metsiacus,ungulate,,511,Artiodactyla,,Cetaceamorpha,Diacodexis,Diacodexis minutus,ungulate,,512,Artiodactyla,,Cetaceamorpha,Diacodexis,Diacodexis primus,ungulate,,513,Artiodactyla,,Cetaceamorpha,Diacodexis,Diacodexis secans,ungulate,,514,Artiodactyla,,Cetaceamorpha,Diacodexis,Diacodexis woltonensis,ungulate,,515,Artiodactyla,,Cetaceamorpha,Helohyus,Helohyus lentus,ungulate,,516,Artiodactyla,,Cetaceamorpha,Helohyus,Helohyus milleri,ungulate,,517,Artiodactyla,,Cetaceamorpha,Helohyus,Helohyus plicodon,ungulate,,486,Artiodactyla,,Cetancodontamorpha,Achaenodon,Achaenodon fremdi,ungulate,,487,Artiodactyla,,Cetancodontamorpha,Achaenodon,Achaenodon insolens,ungulate,,488,Artiodactyla,,Cetancodontamorpha,Achaenodon,Achaenodon robustus,ungulate,,489,Artiodactyla,,Cetancodontamorpha,Achaenodon,Achaenodon uintensis,ungulate,,494,Artiodactyla,,Cetancodontamorpha,Archaeotherium,Archaeotherium altidens,ungulate,,495,Artiodactyla,,Cetancodontamorpha,Archaeotherium,Archaeotherium coarctatum,ungulate,,496,Artiodactyla,,Cetancodontamorpha,Archaeotherium,Archaeotherium lemleyi,ungulate,,497,Artiodactyla,,Cetancodontamorpha,Archaeotherium,Archaeotherium marshi,ungulate,,498,Artiodactyla,,Cetancodontamorpha,Archaeotherium,Archaeotherium minimus,ungulate,,499,Artiodactyla,,Cetancodontamorpha,Archaeotherium,Archaeotherium mortoni,ungulate,,500,Artiodactyla,,Cetancodontamorpha,Archaeotherium,Archaeotherium palustris,ungulate,,501,Artiodactyla,,Cetancodontamorpha,Archaeotherium,Archaeotherium ramosus,ungulate,,502,Artiodactyla,,Cetancodontamorpha,Archaeotherium,Archaeotherium trippensis,ungulate,,504,Artiodactyla,,Cetancodontamorpha,Brachyhyops,Brachyhyops viensis,ungulate,,505,Artiodactyla,,Cetancodontamorpha,Brachyhyops,Brachyhyops wyomingensis,ungulate,,520,Artiodactyla,,Leptochoerinae,Ibarus,Ibarus ignotus,ungulate,,529,Artiodactyla,,Leptochoerinae,Stibarus,Stibarus montanus,ungulate,,530,Artiodactyla,,Leptochoerinae,Stibarus,Stibarus obtusilobus,ungulate,,531,Artiodactyla,,Leptochoerinae,Stibarus,Stibarus quadricuspis,ungulate,,532,Artiodactyla,,Leptochoerinae,Stibarus,Stibarus yoderensis,ungulate,,522,Artiodactyla,,Suoidea,Perchoerus,Perchoerus probus,ungulate,,523,Artiodactyla,,Suoidea,Perhcoerus,Perchoerus minor,ungulate,,524,Artiodactyla,,Tylopoda,Poebrotherium,Poebrotherium chadronense,ruminantia,,525,Artiodactyla,,Tylopoda,Poebrotherium,Poebrotherium eximium,ruminantia,,526,Artiodactyla,,Tylopoda,Poebrotherium,Poebrotherium wilsoni,ruminantia,,2118,Perissodactyla,Amynodontidae,Amynodontidae,Amynodon,Amynodon advenus,perissodactyla,,2119,Perissodactyla,Amynodontidae,Amynodontidae,Amynodon,Amynodon reedi,perissodactyla,,2120,Perissodactyla,Amynodontidae,Amynodontidae,Amynodontopsis,Amynodontopsis bodei,perissodactyla,,2121,Perissodactyla,Amynodontidae,Amynodontidae,Megalamynodon,Megalamynodon regalis,perissodactyla,,2122,Perissodactyla,Amynodontidae,Metamynodontini,Metamynodon,Metamynodon chadronensis,perissodactyla,,2123,Perissodactyla,Amynodontidae,Metamynodontini,Metamynodon,Metamynodon mckinneyi,perissodactyla,,2124,Perissodactyla,Amynodontidae,Metamynodontini,Metamynodon,Metamynodon planifrons,perissodactyla,,2125,Perissodactyla,Brontotheriidae,Brontotheriidae,Brontops,Brontops bicornutus,perissodactyla,,2126,Perissodactyla,Brontotheriidae,Brontotheriidae,Brontops,Brontops brachycephalus,perissodactyla,,2127,Perissodactyla,Brontotheriidae,Brontotheriidae,Brontops,Brontops dispar,perissodactyla,,2128,Perissodactyla,Brontotheriidae,Brontotheriidae,Brontops,Brontops robustus,perissodactyla,,2131,Perissodactyla,Brontotheriidae,Brontotheriidae,Eotitanops,Eotitanops borealis,perissodactyla,,2132,Perissodactyla,Brontotheriidae,Brontotheriidae,Eotitanops,Eotitanops minimus,perissodactyla,,2133,Perissodactyla,Brontotheriidae,Brontotheriidae,Eotitanotherium,Eotitanotherium osborni,perissodactyla,,2134,Perissodactyla,Brontotheriidae,Brontotheriidae,Megacerops,Megacerops curtus,perissodactyla,,2135,Perissodactyla,Brontotheriidae,Brontotheriidae,Megacerops,Megacerops hatcheri,perissodactyla,,2136,Perissodactyla,Brontotheriidae,Brontotheriidae,Megacerops,Megacerops kuwagatarhinus,perissodactyla,,2137,Perissodactyla,Brontotheriidae,Brontotheriidae,Megacerops,Megacerops osborni,perissodactyla,,2138,Perissodactyla,Brontotheriidae,Brontotheriidae,Menops,Menops bakeri,perissodactyla,,2139,Perissodactyla,Brontotheriidae,Brontotheriidae,Menops,Menops heloceras,perissodactyla,,2140,Perissodactyla,Brontotheriidae,Brontotheriidae,Menops,Menops marshi,perissodactyla,,2141,Perissodactyla,Brontotheriidae,Brontotheriidae,Menops,Menops serotinus,perissodactyla,,2142,Perissodactyla,Brontotheriidae,Brontotheriidae,Menops,Menops walcotti,perissodactyla,,2148,Perissodactyla,Brontotheriidae,Brontotheriidae,Metatelmatherium,Metatelmatherium ultimum,perissodactyla,,2149,Perissodactyla,Brontotheriidae,Brontotheriidae,Notiotitanops,Notiotitanops mississippiensis,perissodactyla,,2156,Perissodactyla,Brontotheriidae,Brontotheriidae,Protitanotherium,Protitanotherium superbum,perissodactyla,,2157,Perissodactyla,Brontotheriidae,Brontotheriidae,Pseudodiplacodon,Pseudodiplacodon progressum,perissodactyla,,2159,Perissodactyla,Brontotheriidae,Brontotheriidae,Sthenodectes,Sthenodectes incisivum,perissodactyla,,2160,Perissodactyla,Brontotheriidae,Brontotheriidae,Sthenodectes,Sthenodectes priscus,perissodactyla,,2130,Perissodactyla,Brontotheriidae,Brontotheriinae,Duchesneodus,Duchesneodus uintensis,perissodactyla,,2155,Perissodactyla,Brontotheriidae,Brontotheriinae,Protitanops,Protitanops curryi,perissodactyla,,2161,Perissodactyla,Brontotheriidae,Brontotheriinae,Telmatherium,Telmatherium altidens,perissodactyla,,2162,Perissodactyla,Brontotheriidae,Brontotheriinae,Telmatherium,Telmatherium cultridens,perissodactyla,,2163,Perissodactyla,Brontotheriidae,Brontotheriinae,Telmatherium,Telmatherium manteoceras,perissodactyla,,2164,Perissodactyla,Brontotheriidae,Brontotheriinae,Telmatherium,Telmatherium validum,perissodactyla,,2143,Perissodactyla,Brontotheriidae,Dolichorhininae,Mesatirhinus,Mesatirhinus megarhinus,perissodactyla,,2144,Perissodactyla,Brontotheriidae,Dolichorhininae,Metarhinus,Metarhinus diploconus,perissodactyla,,2145,Perissodactyla,Brontotheriidae,Dolichorhininae,Metarhinus,Metarhinus fluviatilis,perissodactyla,,2146,Perissodactyla,Brontotheriidae,Dolichorhininae,Metarhinus,Metarhinus parvus,perissodactyla,,2147,Perissodactyla,Brontotheriidae,Dolichorhininae,Metarhinus,Metarhinus pater,perissodactyla,,2158,Perissodactyla,Brontotheriidae,Dolichorhininae,Sphenocoelus,Sphenocoelus hyognathus,perissodactyla,,2150,Perissodactyla,Brontotheriidae,Palaeosyopinae,Palaeosyops,Palaeosyops fontinalis,perissodactyla,,2151,Perissodactyla,Brontotheriidae,Palaeosyopinae,Palaeosyops,Palaeosyops laevidens,perissodactyla,,2152,Perissodactyla,Brontotheriidae,Palaeosyopinae,Palaeosyops,Palaeosyops laticeps,perissodactyla,,2153,Perissodactyla,Brontotheriidae,Palaeosyopinae,Palaeosyops,Palaeosyops paludosus,perissodactyla,,2154,Perissodactyla,Brontotheriidae,Palaeosyopinae,Palaeosyops,Palaeosyops robustus,perissodactyla,,2165,Perissodactyla,Chalicotheriidae,Chalicotheriidae,Moropus,Moropus elatus,perissodactyla,,2166,Perissodactyla,Chalicotheriidae,Chalicotheriidae,Moropus,Moropus hollandi,perissodactyla,,2167,Perissodactyla,Chalicotheriidae,Chalicotheriidae,Moropus,Moropus merriami,perissodactyla,,2168,Perissodactyla,Chalicotheriidae,Chalicotheriidae,Moropus,Moropus oregonensis,perissodactyla,,2169,Perissodactyla,Chalicotheriidae,Schizotheriinae,Tylocephalonyx,Tylocephalonyx skinneri,perissodactyla,,2170,Perissodactyla,Eomoropidae,Eomoropidae,Eomoropus,Eomoropus amarorum,perissodactyla,,2175,Perissodactyla,Equidae,Anchitheriinae,Anchippus,Anchippus texanus,perissodactyla,,2176,Perissodactyla,Equidae,Anchitheriinae,Anchitherium,Anchitherium australis,perissodactyla,,2177,Perissodactyla,Equidae,Anchitheriinae,Anchitherium,Anchitherium clarencei,perissodactyla,,2178,Perissodactyla,Equidae,Anchitheriinae,Anchitherium,Anchitherium navasotae,perissodactyla,,2179,Perissodactyla,Equidae,Anchitheriinae,Archaeohippus,Archaeohippus blackbergi,perissodactyla,,2180,Perissodactyla,Equidae,Anchitheriinae,Archaeohippus,Archaeohippus equinanus,perissodactyla,,2181,Perissodactyla,Equidae,Anchitheriinae,Archaeohippus,Archaeohippus mannulus,perissodactyla,,2182,Perissodactyla,Equidae,Anchitheriinae,Archaeohippus,Archaeohippus mourningi,perissodactyla,,2183,Perissodactyla,Equidae,Anchitheriinae,Archaeohippus,Archaeohippus penultimus,perissodactyla,,2184,Perissodactyla,Equidae,Anchitheriinae,Archaeohippus,Archaeohippus stenolophus,perissodactyla,,2185,Perissodactyla,Equidae,Anchitheriinae,Archaeohippus,Archaeohippus ultimus,perissodactyla,,2198,Perissodactyla,Equidae,Anchitheriinae,Desmatippus,Desmatippus avus,perissodactyla,,2199,Perissodactyla,Equidae,Anchitheriinae,Desmatippus,Desmatippus integer,perissodactyla,,2243,Perissodactyla,Equidae,Anchitheriinae,Hypohippus,Hypohippus affinis,perissodactyla,,2244,Perissodactyla,Equidae,Anchitheriinae,Hypohippus,Hypohippus chico,perissodactyla,,2245,Perissodactyla,Equidae,Anchitheriinae,Hypohippus,Hypohippus equinus,perissodactyla,,2246,Perissodactyla,Equidae,Anchitheriinae,Hypohippus,Hypohippus osborni,perissodactyla,,2247,Perissodactyla,Equidae,Anchitheriinae,Hypohippus,Hypohippus pertinax,perissodactyla,,2256,Perissodactyla,Equidae,Anchitheriinae,Kalobatippus,Kalobatippus agatensis,perissodactyla,,2257,Perissodactyla,Equidae,Anchitheriinae,Kalobatippus,Kalobatippus avus,perissodactyla,,2258,Perissodactyla,Equidae,Anchitheriinae,Megahippus,Megahippus matthewi,perissodactyla,,2259,Perissodactyla,Equidae,Anchitheriinae,Megahippus,Megahippus mckennai,perissodactyla,,2275,Perissodactyla,Equidae,Anchitheriinae,Mesohippus,Mesohippus bairdi,perissodactyla,,2276,Perissodactyla,Equidae,Anchitheriinae,Mesohippus,Mesohippus exoletus,perissodactyla,,2277,Perissodactyla,Equidae,Anchitheriinae,Mesohippus,Mesohippus montanensis,perissodactyla,,2278,Perissodactyla,Equidae,Anchitheriinae,Mesohippus,Mesohippus propinquus,perissodactyla,,2279,Perissodactyla,Equidae,Anchitheriinae,Mesohippus,Mesohippus sp.,perissodactyla,,2280,Perissodactyla,Equidae,Anchitheriinae,Mesohippus,Mesohippus texanus,perissodactyla,,2281,Perissodactyla,Equidae,Anchitheriinae,Mesohippus,Mesohippus westoni,perissodactyla,,2282,Perissodactyla,Equidae,Anchitheriinae,Miohippus,Miohippus anceps,perissodactyla,,2283,Perissodactyla,Equidae,Anchitheriinae,Miohippus,Miohippus annectens,perissodactyla,,2284,Perissodactyla,Equidae,Anchitheriinae,Miohippus,Miohippus assiniboiensis,perissodactyla,,2285,Perissodactyla,Equidae,Anchitheriinae,Miohippus,Miohippus equiceps,perissodactyla,,2286,Perissodactyla,Equidae,Anchitheriinae,Miohippus,Miohippus equinanus,perissodactyla,,2287,Perissodactyla,Equidae,Anchitheriinae,Miohippus,Miohippus gemmarosae,perissodactyla,,2288,Perissodactyla,Equidae,Anchitheriinae,Miohippus,Miohippus gidleyi,perissodactyla,,2289,Perissodactyla,Equidae,Anchitheriinae,Miohippus,Miohippus grandis,perissodactyla,,2290,Perissodactyla,Equidae,Anchitheriinae,Miohippus,Miohippus intermedius,perissodactyla,,2291,Perissodactyla,Equidae,Anchitheriinae,Miohippus,Miohippus obliquidens,perissodactyla,,2292,Perissodactyla,Equidae,Anchitheriinae,Miohippus,Miohippus primus,perissodactyla,,2293,Perissodactyla,Equidae,Anchitheriinae,Miohippus,Miohippus sp.,perissodactyla,,2309,Perissodactyla,Equidae,Anchitheriinae,Parahippus,Parahippus atavus,perissodactyla,,2310,Perissodactyla,Equidae,Anchitheriinae,Parahippus,Parahippus cognatus,perissodactyla,,2311,Perissodactyla,Equidae,Anchitheriinae,Parahippus,Parahippus leonensis,perissodactyla,,2312,Perissodactyla,Equidae,Anchitheriinae,Parahippus,Parahippus maxsoni,perissodactyla,,2313,Perissodactyla,Equidae,Anchitheriinae,Parahippus,Parahippus nebrascensis,perissodactyla,,2314,Perissodactyla,Equidae,Anchitheriinae,Parahippus,Parahippus pawniensis,perissodactyla,,2315,Perissodactyla,Equidae,Anchitheriinae,Parahippus,Parahippus pristinus,perissodactyla,,2316,Perissodactyla,Equidae,Anchitheriinae,Parahippus,Parahippus tyleri,perissodactyla,,2317,Perissodactyla,Equidae,Anchitheriinae,Parahippus,Parahippus wyomingensis,perissodactyla,,2329,Perissodactyla,Equidae,Equidae,Protorohippus,Protorohippus venticolus,perissodactyla,,2171,Perissodactyla,Equidae,Equinae,Acritohippus,Acritohippus isonesus,perissodactyla,,2172,Perissodactyla,Equidae,Equinae,Acritohippus,Acritohippus quinni,perissodactyla,,2173,Perissodactyla,Equidae,Equinae,Acritohippus,Acritohippus stylodontus,perissodactyla,,2174,Perissodactyla,Equidae,Equinae,Acritohippus,Acritohippus tertius,perissodactyla,,2260,Perissodactyla,Equidae,Equinae,Merychippus,Merychippus brevidontus,perissodactyla,,2261,Perissodactyla,Equidae,Equinae,Merychippus,Merychippus calamarius,perissodactyla,,2262,Perissodactyla,Equidae,Equinae,Merychippus,Merychippus californicus,perissodactyla,,2264,Perissodactyla,Equidae,Equinae,Merychippus,Merychippus coloradense,perissodactyla,,2265,Perissodactyla,Equidae,Equinae,Merychippus,Merychippus goorisi,perissodactyla,,2266,Perissodactyla,Equidae,Equinae,Merychippus,Merychippus gunteri,perissodactyla,,2267,Perissodactyla,Equidae,Equinae,Merychippus,Merychippus insignis,perissodactyla,,2268,Perissodactyla,Equidae,Equinae,Merychippus,Merychippus primus,perissodactyla,,2269,Perissodactyla,Equidae,Equinae,Merychippus,Merychippus quintus,perissodactyla,,2270,Perissodactyla,Equidae,Equinae,Merychippus,Merychippus relictus,perissodactyla,,2271,Perissodactyla,Equidae,Equinae,Merychippus,Merychippus republicanus,perissodactyla,,2272,Perissodactyla,Equidae,Equinae,Merychippus,Merychippus sejunctus,perissodactyla,,2273,Perissodactyla,Equidae,Equinae,Merychippus,Merychippus sphenodus,perissodactyla,,2274,Perissodactyla,Equidae,Equinae,Merychippus,Merychippus stevensi,perissodactyla,,2336,Perissodactyla,Equidae,Equinae,Scaphohippus,Scaphohippus intermontanus,perissodactyla,,2337,Perissodactyla,Equidae,Equinae,Scaphohippus,Scaphohippus sumani,perissodactyla,,2186,Perissodactyla,Equidae,Equini,Astrohippus,Astrohippus ansae,perissodactyla,,2187,Perissodactyla,Equidae,Equini,Astrohippus,Astrohippus stockii,perissodactyla,,2188,Perissodactyla,Equidae,Equini,Calippus,Calippus cerasinus,perissodactyla,,2189,Perissodactyla,Equidae,Equini,Calippus,Calippus circulus,perissodactyla,,2190,Perissodactyla,Equidae,Equini,Calippus,Calippus elachistus,perissodactyla,,2191,Perissodactyla,Equidae,Equini,Calippus,Calippus hondurensis,perissodactyla,,2193,Perissodactyla,Equidae,Equini,Calippus,Calippus maccartyi,perissodactyla,,2194,Perissodactyla,Equidae,Equini,Calippus,Calippus martini,perissodactyla,,2195,Perissodactyla,Equidae,Equini,Calippus,Calippus placidus,perissodactyla,,2196,Perissodactyla,Equidae,Equini,Calippus,Calippus proplacidus,perissodactyla,,2197,Perissodactyla,Equidae,Equini,Calippus,Calippus regulus,perissodactyla,,2200,Perissodactyla,Equidae,Equini,Dinohippus,Dinohippus interpolatus,perissodactyla,,2201,Perissodactyla,Equidae,Equini,Dinohippus,Dinohippus leardi,perissodactyla,,2202,Perissodactyla,Equidae,Equini,Dinohippus,Dinohippus leidyanus,perissodactyla,,2203,Perissodactyla,Equidae,Equini,Dinohippus,Dinohippus mexicanus,perissodactyla,,2204,Perissodactyla,Equidae,Equini,Dinohippus,Dinohippus spectans,perissodactyla,,2212,Perissodactyla,Equidae,Equini,Equus,Equus cumminsii,perissodactyla,,2213,Perissodactyla,Equidae,Equini,Equus,Equus enormis,perissodactyla,,2215,Perissodactyla,Equidae,Equini,Equus,Equus francisci,perissodactyla,,2217,Perissodactyla,Equidae,Equini,Equus,Equus fromanius,perissodactyla,,2218,Perissodactyla,Equidae,Equini,Equus,Equus giganteus,perissodactyla,,2219,Perissodactyla,Equidae,Equini,Equus,Equus idahoensis,perissodactyla,,2228,Perissodactyla,Equidae,Equini,Equus,Equus scotti,perissodactyla,,2230,Perissodactyla,Equidae,Equini,Equus,Equus simplicidens,perissodactyla,,2234,Perissodactyla,Equidae,Equini,Heteropliohippus,Heteropliohippus hulberti,perissodactyla,,2305,Perissodactyla,Equidae,Equini,Onohippidium,Onohippidium galushai,perissodactyla,,2318,Perissodactyla,Equidae,Equini,Parapliohippus,Parapliohippus carrizoensis,perissodactyla,,2319,Perissodactyla,Equidae,Equini,Pliohippus,Pliohippus fossulatus,perissodactyla,,2320,Perissodactyla,Equidae,Equini,Pliohippus,Pliohippus mirabilis,perissodactyla,,2321,Perissodactyla,Equidae,Equini,Pliohippus,Pliohippus nobilis,perissodactyla,,2322,Perissodactyla,Equidae,Equini,Pliohippus,Pliohippus pernix,perissodactyla,,2323,Perissodactyla,Equidae,Equini,Pliohippus,Pliohippus tantalus,perissodactyla,,2324,Perissodactyla,Equidae,Equini,Pliohippus,Pliohippus tehonensis,perissodactyla,,2325,Perissodactyla,Equidae,Equini,Protohippus,Protohippus gidleyi,perissodactyla,,2326,Perissodactyla,Equidae,Equini,Protohippus,Protohippus perditus,perissodactyla,,2327,Perissodactyla,Equidae,Equini,Protohippus,Protohippus supremus,perissodactyla,,2328,Perissodactyla,Equidae,Equini,Protohippus,Protohippus vetus,perissodactyla,,2235,Perissodactyla,Equidae,Hipparionini,Hipparion,Hipparion forcei,perissodactyla,,2236,Perissodactyla,Equidae,Hipparionini,Hipparion,Hipparion tehonense,perissodactyla,,2237,Perissodactyla,Equidae,Hipparionini,Hippotherium,Hippotherium emsliei,perissodactyla,,2238,Perissodactyla,Equidae,Hipparionini,Hippotherium,Hippotherium ingenuum,perissodactyla,,2239,Perissodactyla,Equidae,Hipparionini,Hippotherium,Hippotherium mohavense,perissodactyla,,2240,Perissodactyla,Equidae,Hipparionini,Hippotherium,Hippotherium occidentale,perissodactyla,,2241,Perissodactyla,Equidae,Hipparionini,Hippotherium,Hippotherium plicatile,perissodactyla,,2242,Perissodactyla,Equidae,Hipparionini,Hippotherium,Hippotherium quinni,perissodactyla,,2294,Perissodactyla,Equidae,Hipparionini,Nannippus,Nannippus aztecus,perissodactyla,,2295,Perissodactyla,Equidae,Hipparionini,Nannippus,Nannippus beckensis,perissodactyla,,2296,Perissodactyla,Equidae,Hipparionini,Nannippus,Nannippus lenticularis,perissodactyla,,2297,Perissodactyla,Equidae,Hipparionini,Nannippus,Nannippus morgani,perissodactyla,,2298,Perissodactyla,Equidae,Hipparionini,Nannippus,Nannippus peninsulatus,perissodactyla,,2299,Perissodactyla,Equidae,Hipparionini,Nannippus,Nannippus westoni,perissodactyla,,2300,Perissodactyla,Equidae,Hipparionini,Neohipparion,Neohipparion affine,perissodactyla,,2301,Perissodactyla,Equidae,Hipparionini,Neohipparion,Neohipparion eurystyle,perissodactyla,,2302,Perissodactyla,Equidae,Hipparionini,Neohipparion,Neohipparion gidleyi,perissodactyla,,2303,Perissodactyla,Equidae,Hipparionini,Neohipparion,Neohipparion leptode,perissodactyla,,2304,Perissodactyla,Equidae,Hipparionini,Neohipparion,Neohipparion trampasense,perissodactyla,,2330,Perissodactyla,Equidae,Hipparionini,Pseudhipparion,Pseudhipparion curtivallum,perissodactyla,,2331,Perissodactyla,Equidae,Hipparionini,Pseudhipparion,Pseudhipparion gratum,perissodactyla,,2332,Perissodactyla,Equidae,Hipparionini,Pseudhipparion,Pseudhipparion hessei,perissodactyla,,2333,Perissodactyla,Equidae,Hipparionini,Pseudhipparion,Pseudhipparion retrusum,perissodactyla,,2334,Perissodactyla,Equidae,Hipparionini,Pseudhipparion,Pseudhipparion simpsoni,perissodactyla,,2335,Perissodactyla,Equidae,Hipparionini,Pseudhipparion,Pseudhipparion skinneri,perissodactyla,,2205,Perissodactyla,Equidae,Hyracotheriinae,Duchesnehippus,Duchesnehippus intermedius,perissodactyla,,2206,Perissodactyla,Equidae,Hyracotheriinae,Epihippus,Epihippus gracilis,perissodactyla,,2233,Perissodactyla,Equidae,Hyracotheriinae,Haplohippus,Haplohippus texanus,perissodactyla,,2248,Perissodactyla,Equidae,Hyracotheriinae,Hyracotherium,Hyracotherium aemulor,perissodactyla,,2249,Perissodactyla,Equidae,Hyracotheriinae,Hyracotherium,Hyracotherium cristatum,perissodactyla,,2250,Perissodactyla,Equidae,Hyracotheriinae,Hyracotherium,Hyracotherium grangeri,perissodactyla,,2251,Perissodactyla,Equidae,Hyracotheriinae,Hyracotherium,Hyracotherium index,perissodactyla,,2252,Perissodactyla,Equidae,Hyracotheriinae,Hyracotherium,Hyracotherium montanum,perissodactyla,,2253,Perissodactyla,Equidae,Hyracotheriinae,Hyracotherium,Hyracotherium pernix,perissodactyla,,2254,Perissodactyla,Equidae,Hyracotheriinae,Hyracotherium,Hyracotherium sandrae,perissodactyla,,2255,Perissodactyla,Equidae,Hyracotheriinae,Hyracotherium,Hyracotherium vasacciense,perissodactyla,,2306,Perissodactyla,Equidae,Hyracotheriinae,Orohippus,Orohippus proteros,perissodactyla,,2307,Perissodactyla,Equidae,Hyracotheriinae,Orohippus,Orohippus pumilus,perissodactyla,,2308,Perissodactyla,Equidae,Hyracotheriinae,Orohippus,Orohippus sylvaticus,perissodactyla,,2338,Perissodactyla,Equidae,Hyracotheriinae,Xenicohippus,Xenicohippus craspedotum,perissodactyla,,2339,Perissodactyla,Equidae,Hyracotheriinae,Xenicohippus,Xenicohippus grangeri,perissodactyla,,2340,Perissodactyla,Equidae,Hyracotheriinae,Xenicohippus,Xenicohippus osborni,perissodactyla,,2341,Perissodactyla,Hyrachyidae,Hyrachyidae,Hyrachyus,Hyrachyus affinis,perissodactyla,,2342,Perissodactyla,Hyrachyidae,Hyrachyidae,Hyrachyus,Hyrachyus douglassi,perissodactyla,,2343,Perissodactyla,Hyrachyidae,Hyrachyidae,Hyrachyus,Hyrachyus eximius,perissodactyla,,2344,Perissodactyla,Hyrachyidae,Hyrachyidae,Hyrachyus,Hyrachyus modestus,perissodactyla,,2346,Perissodactyla,Hyracodontidae,Hyracodontidae,Hyracodon,Hyracodon leidyanus,perissodactyla,,2347,Perissodactyla,Hyracodontidae,Hyracodontidae,Hyracodon,Hyracodon medius,perissodactyla,,2348,Perissodactyla,Hyracodontidae,Hyracodontidae,Hyracodon,Hyracodon nebraskensis,perissodactyla,,2349,Perissodactyla,Hyracodontidae,Hyracodontidae,Hyracodon,Hyracodon petersoni,perissodactyla,,2350,Perissodactyla,Hyracodontidae,Hyracodontidae,Hyracodon,Hyracodon priscidens,perissodactyla,,2351,Perissodactyla,Hyracodontidae,Hyracodontidae,Triplopides,Triplopides rieli,perissodactyla,,2352,Perissodactyla,Hyracodontidae,Hyracodontidae,Triplopus,Triplopus cubitalis,perissodactyla,,2353,Perissodactyla,Hyracodontidae,Hyracodontidae,Triplopus,Triplopus implicatus,perissodactyla,,2354,Perissodactyla,Hyracodontidae,Hyracodontidae,Triplopus,Triplopus obliquidens,perissodactyla,,2355,Perissodactyla,Hyracodontidae,Hyracodontidae,Triplopus,Triplopus rhinocerinus,perissodactyla,,2356,Perissodactyla,Hyracodontidae,Hyracodontidae,Triplopus,Triplopus woodi,perissodactyla,,2345,Perissodactyla,Hyracodontidae,Hyracodontinae,Epitriplopus,Epitriplopus uintensis,perissodactyla,,2357,Perissodactyla,Isectolophidae,Isectolophidae,Systemodon,Systemodon tapirinus,perissodactyla,,2359,Perissodactyla,Rhinocerotidae,Aceratheriinae,Aphelops,Aphelops malacorhinus,perissodactyla,,2360,Perissodactyla,Rhinocerotidae,Aceratheriinae,Aphelops,Aphelops megalodus,perissodactyla,,2361,Perissodactyla,Rhinocerotidae,Aceratheriinae,Aphelops,Aphelops mutilus,perissodactyla,,2368,Perissodactyla,Rhinocerotidae,Aceratheriinae,Floridaceras,Floridaceras whitei,perissodactyla,,2375,Perissodactyla,Rhinocerotidae,Aceratheriinae,Peraceras,Peraceras hessei,perissodactyla,,2376,Perissodactyla,Rhinocerotidae,Aceratheriinae,Peraceras,Peraceras profectum,perissodactyla,,2377,Perissodactyla,Rhinocerotidae,Aceratheriinae,Peraceras,Peraceras superciliosum,perissodactyla,,2363,Perissodactyla,Rhinocerotidae,Diceratheriinae,Diceratherium,Diceratherium annectens,perissodactyla,,2364,Perissodactyla,Rhinocerotidae,Diceratheriinae,Diceratherium,Diceratherium armatum,perissodactyla,,2365,Perissodactyla,Rhinocerotidae,Diceratheriinae,Diceratherium,Diceratherium gregorii,perissodactyla,,2366,Perissodactyla,Rhinocerotidae,Diceratheriinae,Diceratherium,Diceratherium niobrarense,perissodactyla,,2367,Perissodactyla,Rhinocerotidae,Diceratheriinae,Diceratherium,Diceratherium tridactylum,perissodactyla,,2370,Perissodactyla,Rhinocerotidae,Menoceratinae,Menoceras,Menoceras arikarense,perissodactyla,,2371,Perissodactyla,Rhinocerotidae,Menoceratinae,Menoceras,Menoceras barbouri,perissodactyla,,2358,Perissodactyla,Rhinocerotidae,Rhinocerotidae,Amphicaenopus,Amphicaenopus platycephalus,perissodactyla,,2369,Perissodactyla,Rhinocerotidae,Rhinocerotidae,Gulfoceras,Gulfoceras westfalli,perissodactyla,,2372,Perissodactyla,Rhinocerotidae,Rhinocerotidae,Penetrigonias,Penetrigonias dakotensis,perissodactyla,,2373,Perissodactyla,Rhinocerotidae,Rhinocerotidae,Penetrigonias,Penetrigonias hudsoni,perissodactyla,,2374,Perissodactyla,Rhinocerotidae,Rhinocerotidae,Penetrigonias,Penetrigonias sagittatus,perissodactyla,,2378,Perissodactyla,Rhinocerotidae,Rhinocerotidae,Subhyracodon,Subhyracodon mitis,perissodactyla,,2379,Perissodactyla,Rhinocerotidae,Rhinocerotidae,Subhyracodon,Subhyracodon occidentalis,perissodactyla,,2380,Perissodactyla,Rhinocerotidae,Rhinocerotidae,Subhyracodon,Subhyracodon trigonodus,perissodactyla,,2381,Perissodactyla,Rhinocerotidae,Rhinocerotidae,Subhyracodon,Subhyracodon woodi,perissodactyla,,2390,Perissodactyla,Rhinocerotidae,Rhinocerotidae,Teletaceras,Teletaceras mortivallis,perissodactyla,,2391,Perissodactyla,Rhinocerotidae,Rhinocerotidae,Teletaceras,Teletaceras radinskyi,perissodactyla,,2392,Perissodactyla,Rhinocerotidae,Rhinocerotidae,Trigonias,Trigonias osborni,perissodactyla,,2393,Perissodactyla,Rhinocerotidae,Rhinocerotidae,Trigonias,Trigonias wellsi,perissodactyla,,2394,Perissodactyla,Rhinocerotidae,Rhinocerotidae,Trigonias,Trigonias yoderensis,perissodactyla,,2395,Perissodactyla,Rhinocerotidae,Rhinocerotidae,Uintaceras,Uintaceras radinskyi,perissodactyla,,2362,Perissodactyla,Rhinocerotidae,Teleoceratini,Brachypotherium,Brachypotherium americanum,perissodactyla,,2382,Perissodactyla,Rhinocerotidae,Teleoceratini,Teleoceras,Teleoceras fossiger,perissodactyla,,2383,Perissodactyla,Rhinocerotidae,Teleoceratini,Teleoceras,Teleoceras hicksi,perissodactyla,,2384,Perissodactyla,Rhinocerotidae,Teleoceratini,Teleoceras,Teleoceras major,perissodactyla,,2385,Perissodactyla,Rhinocerotidae,Teleoceratini,Teleoceras,Teleoceras medicornutum,perissodactyla,,2387,Perissodactyla,Rhinocerotidae,Teleoceratini,Teleoceras,Teleoceras meridianum,perissodactyla,,2388,Perissodactyla,Rhinocerotidae,Teleoceratini,Teleoceras,Teleoceras minor,perissodactyla,,2389,Perissodactyla,Rhinocerotidae,Teleoceratini,Teleoceras,Teleoceras proterum,perissodactyla,,2396,Perissodactyla,Tapiridae,Tapiridae,Colodon,Colodon cingulatus,perissodactyla,,2397,Perissodactyla,Tapiridae,Tapiridae,Colodon,Colodon kayi,perissodactyla,,2398,Perissodactyla,Tapiridae,Tapiridae,Colodon,Colodon occidentalis,perissodactyla,,2399,Perissodactyla,Tapiridae,Tapiridae,Colodon,Colodon stovalli,perissodactyla,,2400,Perissodactyla,Tapiridae,Tapiridae,Colodon,Colodon woodi,perissodactyla,,2401,Perissodactyla,Tapiridae,Tapiridae,Dilophodon,Dilophodon destitutus,perissodactyla,,2402,Perissodactyla,Tapiridae,Tapiridae,Dilophodon,Dilophodon minusculus,perissodactyla,,2403,Perissodactyla,Tapiridae,Tapiridae,Heteraletes,Heteraletes leotanus,perissodactyla,,2404,Perissodactyla,Tapiridae,Tapiridae,Miotapirus,Miotapirus harrisonensis,perissodactyla,,2405,Perissodactyla,Tapiridae,Tapiridae,Nexuotapirus,Nexuotapirus marslandensis,perissodactyla,,2406,Perissodactyla,Tapiridae,Tapiridae,Nexuotapirus,Nexuotapirus robustus,perissodactyla,,2407,Perissodactyla,Tapiridae,Tapiridae,Plesiocolopirus,Plesiocolopirus hancocki,perissodactyla,,2408,Perissodactyla,Tapiridae,Tapiridae,Protapirus,Protapirus obliquidens,perissodactyla,,2409,Perissodactyla,Tapiridae,Tapiridae,Protapirus,Protapirus simplex,perissodactyla,,2410,Perissodactyla,Tapiridae,Tapiridae,Tapiravus,Tapiravus validus,perissodactyla,,2412,Perissodactyla,Tapiridae,Tapiridae,Tapirus,Tapirus haysii,perissodactyla,,2413,Perissodactyla,Tapiridae,Tapiridae,Tapirus,Tapirus johnsoni,perissodactyla,,2415,Perissodactyla,Tapiridae,Tapiridae,Tapirus,Tapirus merriami,perissodactyla,,2416,Perissodactyla,Tapiridae,Tapiridae,Tapirus,Tapirus polkensis,perissodactyla,,2417,Perissodactyla,Tapiridae,Tapiridae,Tapirus,Tapirus simpsoni,perissodactyla,,2419,Perissodactyla,Tapiridae,Tapiridae,Tapirus,Tapirus veroensis,perissodactyla,,2422,Perissodactyla,,Ceratomorpha,Desmatotherium,Desmatotherium intermedius,perissodactyla,,2423,Perissodactyla,,Ceratomorpha,Fouchia,Fouchia elyensis,perissodactyla,,2435,Perissodactyla,,Ceratomorpha,Selenaletes,Selenaletes scopaeus,perissodactyla,,2424,Perissodactyla,,Chalicotherioidea,Grangeria,Grangeria anarsius,perissodactyla,,2434,Perissodactyla,,Moropomorpha,Schizotheriodes,Schizotheriodes parvus,perissodactyla,,2433,Perissodactyla,,Perissodactyla,Lambdotherium,Lambdotherium popoagicum,perissodactyla,,2437,Perissodactyla,,Rhinocerotoidea,Toxotherium,Toxotherium hunteri,perissodactyla,,2425,Perissodactyla,,Tapiroidea,Helaletes,Helaletes nanus,perissodactyla,,2426,Perissodactyla,,Tapiroidea,Heptodon,Heptodon calciculus,perissodactyla,,2427,Perissodactyla,,Tapiroidea,Heptodon,Heptodon posticus,perissodactyla,,2420,Perissodactyla,,Tapiromorpha,Cardiolophus,Cardiolophus radinskyi,perissodactyla,,2421,Perissodactyla,,Tapiromorpha,Cardiolophus,Cardiolophus semihians,perissodactyla,,2428,Perissodactyla,,Tapiromorpha,Homogalax,Homogalax aureus,perissodactyla,,2429,Perissodactyla,,Tapiromorpha,Homogalax,Homogalax protapirinus,perissodactyla,,2430,Perissodactyla,,Tapiromorpha,Isectolophus,Isectolophus annectens,perissodactyla,,2431,Perissodactyla,,Tapiromorpha,Isectolophus,Isectolophus latidens,perissodactyla,,2432,Perissodactyla,,Tapiromorpha,Isectolophus,Isectolophus radinskyi,perissodactyla,,,,,,,,,,,Antilocaprid sp. Caliente     ,Antilocaprid,sp.,Caliente,,,,,Archaeohippus sp.      ,Archaeohippus,sp.,,,,,,Camelid (?) sp.a     ,Camelid,(?),sp.a,,,,,Cosoryx ilfonsensis      ,Cosoryx,ilfonsensis,,,,,,Forstercooperia grandis      ,Forstercooperia,grandis,,,,,,Hipparion platystyle      ,Hipparion,platystyle,,,,,,Hypertragulus minor      ,Hypertragulus,minor,,,,,,Hyracotherium major      ,Hyracotherium,major,,,,,,Megatylopus sp.      ,Megatylopus,sp.,,,,,,"Merycoidodontidae, gen. and sp. indet. no. 2 ","Merycoidodontidae,",gen.,and,sp.,indet.,no.,2,Miolabis montanus      ,Miolabis,montanus,,,,,,Orohippus sp.      ,Orohippus,sp.,,,,,,Oxydactylus cameloides      ,Oxydactylus,cameloides,,,,,,Paracamelus sp.      ,Paracamelus,sp.,,,,,,Parvicornus occidentalis      ,Parvicornus,occidentalis,,,,,,Platygonus sp.      ,Platygonus,sp.,,,,,,Pliohippus sp.      ,Pliohippus,sp.,,,,,,Procamelus leptognathus      ,Procamelus,leptognathus,,,,,,Prothyracodon intermedius      ,Prothyracodon,intermedius,,,,,,Protylopus ? sp.     ,Protylopus,?,sp.,,,,,Pseudoceras wilsoni      ,Pseudoceras,wilsoni,,,,,,Subhyracodon gidleyi      ,Subhyracodon,gidleyi,,,,,,Archaeohippus minimus      ,Archaeohippus,minimus,,,,,,Arretotherium sp.      ,Arretotherium,sp.,,,,,,Camelodon arapahovius      ,Camelodon,arapahovius,,,,,,Blickomylus moroni      ,Blickomylus,moroni,,,,,,Colodon sp.      ,Colodon,sp.,,,,,,Epihippus uintensis      ,Epihippus,uintensis,,,,,,Hipparion condoni      ,Hipparion,condoni,,,,,,Hypertragulus dakotensis      ,Hypertragulus,dakotensis,,,,,,Hypohippus sp.      ,Hypohippus,sp.,,,,,,Megacerops riggsi      ,Megacerops,riggsi,,,,,,Merycodus ? sp. A    ,Merycodus,?,sp.,A,,,,Eotylopus sp.      ,Eotylopus,sp.,,,,,,Forstercooperia minuta      ,Forstercooperia,minuta,,,,,,Hipparion shirleyi      ,Hipparion,shirleyi,,,,,,Hypertragulus minutus      ,Hypertragulus,minutus,,,,,,Kalobatippus praestans      ,Kalobatippus,praestans,,,,,,Merychyus profectus      ,Merychyus,profectus,,,,,,Moropus sp.      ,Moropus,sp.,,,,,,Oromerycinae gen. and sp. indet. No. 1 ,Oromerycinae,gen.,and,sp.,indet.,No.,1,Oxydactylus campestris      ,Oxydactylus,campestris,,,,,,Parahippus coloradensis      ,Parahippus,coloradensis,,,,,,Pediomeryx hemphilliensis      ,Pediomeryx,hemphilliensis,,,,,,Pliohippus coalingensis      ,Pliohippus,coalingensis,,,,,,Poebrotherium franki      ,Poebrotherium,franki,,,,,,Prohyracodon orientale      ,Prohyracodon,orientale,,,,,,Protomeryx halli      ,Protomeryx,halli,,,,,,Protylopus sp.      ,Protylopus,sp.,,,,,,Palauchenia mexicana      ,Palauchenia,mexicana,,,,,,Parahippus sp.      ,Parahippus,sp.,,,,,,Peobrotherium sp.      ,Peobrotherium,sp.,,,,,,Pliohippus francescana      ,Pliohippus,francescana,,,,,,Procamelus altus      ,Procamelus,altus,,,,,,Prosthennops(?) sp.      ,Prosthennops(?),sp.,,,,,,Protomeryx serus      ,Protomeryx,serus,,,,,,Pseudoceras klausi      ,Pseudoceras,klausi,,,,,,Stenomylus crassipes      ,Stenomylus,crassipes,,,,,,Tapiravus rarus      ,Tapiravus,rarus,,,,,,Nannippus parvulus      ,Nannippus,parvulus,,,,,,Miohippus condoni      ,Miohippus,condoni,,,,,,Michenia deschutensis      ,Michenia,deschutensis,,,,,,Oromerycinae gen. and sp. indet. No. 2 ,Oromerycinae,gen.,and,sp.,indet.,No.,2,Subhyracodon copei      ,Subhyracodon,copei,,,,,,Ticholeptus sp.      ,Ticholeptus,sp.,,,,,